Start Date,End Date,Response Type,Progress,Duration (in seconds),Finished,Recorded Date,Response ID,External Data Reference,Distribution Channel,User Language,Browser Meta Info - Browser,Browser Meta Info - Version,Browser Meta Info - Operating System,Browser Meta Info - Resolution,"In order to continue to the experiment, you must consent to take part in the project",What is your first language?,What is your gender (optional)?,What is your age?,"Before you start, please confirm that you will be able to do the experiment in a quiet place without distractions, that you are holding your device in landscape (horizontal mode) if it is a mobile device, and that you can use both hands to respond. Please select both of the responses below to indicate that you are ready to start the experiment:",PROLIFIC_PID,STUDY_ID
05/08/2020 22:13,05/08/2020 22:13,Survey Preview,100,32,TRUE,05/08/2020 22:13,R_2UgvChpY9szx1NX,,preview,EN-GB,Firefox,79,Windows NT 10.0,1920x1080,I consent to take part in the project on the basis set out above (Section A),Another language,Male,22,"I am in a quiet place without distractions, and I am either on a PC or laptop or on a mobile device that I am holding in landscape mode. I can use both hands to respond.",,
05/08/2020 22:13,05/08/2020 22:14,Survey Preview,100,19,TRUE,05/08/2020 22:14,R_2wGpsO9yLWMeuBk,,preview,EN-GB,Firefox,79,Windows NT 10.0,1920x1080,I consent to take part in the project on the basis set out above (Section A),English,Male,18,"I am in a quiet place without distractions, and I am either on a PC or laptop or on a mobile device that I am holding in landscape mode. I can use both hands to respond.",,
05/08/2020 22:23,05/08/2020 22:24,Survey Preview,100,33,TRUE,05/08/2020 22:24,R_3fpeF3ZLU6hcVqb,,preview,EN-GB,Firefox,79,Windows NT 10.0,1920x1080,I consent to take part in the project on the basis set out above (Section A),English,,18,"I am in a quiet place without distractions, and I am either on a PC or laptop or on a mobile device that I am holding in landscape mode. I can use both hands to respond.",,
05/08/2020 22:30,05/08/2020 22:30,Survey Preview,100,30,TRUE,05/08/2020 22:30,R_sinpbcqhLyroglH,,preview,EN-GB,Firefox,79,Windows NT 10.0,1920x1080,I consent to take part in the project on the basis set out above (Section A),English,Male,18,"I am in a quiet place without distractions, and I am either on a PC or laptop or on a mobile device that I am holding in landscape mode. I can use both hands to respond.",,
05/08/2020 22:33,05/08/2020 22:33,Survey Preview,100,21,TRUE,05/08/2020 22:33,R_2s5epfRm7QJGlC0,,preview,EN-GB,Firefox,79,Windows NT 10.0,1920x1080,I consent to take part in the project on the basis set out above (Section A),English,,25,"I am in a quiet place without distractions, and I am either on a PC or laptop or on a mobile device that I am holding in landscape mode. I can use both hands to respond.,I do not have any more questions about the experiment.",,
05/08/2020 22:34,05/08/2020 22:35,Survey Preview,100,28,TRUE,05/08/2020 22:35,R_2rSB9CZ9gH77cNI,,preview,EN-GB,Firefox,79,Windows NT 10.0,1920x1080,I consent to take part in the project on the basis set out above (Section A),English,Male,54,"I am in a quiet place without distractions, and I am either on a PC or laptop or on a mobile device that I am holding in landscape mode. I can use both hands to respond.",98,
06/08/2020 15:59,06/08/2020 16:00,IP Address,100,43,TRUE,06/08/2020 16:00,R_yBWSAxDj9658KM9,,anonymous,EN-GB,Firefox,79,Windows NT 10.0,1920x1080,I consent to take part in the project on the basis set out above (Section A),English,Male,99,"I am in a quiet place without distractions, and I am either on a PC or laptop or on a mobile device that I am holding in landscape mode. I can use both hands to respond.,I do not have any more questions about the experiment.",5f0c8009958a65612e4e176a,5f10eee6363557437f328d22
06/08/2020 16:08,06/08/2020 16:09,IP Address,100,30,TRUE,06/08/2020 16:09,R_2TBhWB1whhkgCgp,,anonymous,EN-GB,Firefox,79,Windows NT 10.0,1920x1080,I consent to take part in the project on the basis set out above (Section A),English,Male,24,"I am in a quiet place without distractions, and I am either on a PC or laptop or on a mobile device that I am holding in landscape mode. I can use both hands to respond.,I do not have any more questions about the experiment.",5f0c8009958a65612e4e176a,5f10eee6363557437f328d22
06/08/2020 16:53,06/08/2020 16:53,IP Address,100,20,TRUE,06/08/2020 16:53,R_3p9Hqvfq0gvRrYZ,,anonymous,EN-GB,Firefox,79,Windows NT 10.0,1920x1080,I consent to take part in the project on the basis set out above (Section A),English,Male,99,"I am in a quiet place without distractions, and I am either on a PC or laptop or on a mobile device that I am holding in landscape mode. I can use both hands to respond.,I do not have any more questions about the experiment.",5f0c8009958a65612e4e176a,5f10eee6363557437f328d22
06/08/2020 17:02,06/08/2020 17:02,IP Address,100,23,TRUE,06/08/2020 17:02,R_6J8X8uDF7eIYSSB,,anonymous,EN-GB,Firefox,79,Windows NT 10.0,1920x1080,I consent to take part in the project on the basis set out above (Section A),English,Male,18,"I am in a quiet place without distractions, and I am either on a PC or laptop or on a mobile device that I am holding in landscape mode. I can use both hands to respond.,I do not have any more questions about the experiment.",5f0c8009958a65612e4e176a,5f10eee6363557437f328d22
06/08/2020 22:28,06/08/2020 22:29,IP Address,100,19,TRUE,06/08/2020 22:29,R_6FsFthZNdrkeuMF,,anonymous,EN-GB,Firefox,79,Windows NT 10.0,1920x1080,I consent to take part in the project on the basis set out above (Section A),English,Male,18,"I am in a quiet place without distractions, and I am either on a PC or laptop or on a mobile device that I am holding in landscape mode. I can use both hands to respond.",5f0c8009958a65612e4e176a,5f10eee6363557437f328d22
07/08/2020 13:07,07/08/2020 13:07,Survey Preview,100,26,TRUE,07/08/2020 13:07,R_2396YxhjswOMJJq,,preview,EN-GB,Chrome,84.0.4147.105,Windows NT 10.0,1920x1080,I consent to take part in the project on the basis set out above (Section A),English,Male,18,"I am in a quiet place without distractions, and I am either on a PC or laptop or on a mobile device that I am holding in landscape mode. I can use both hands to respond.,I do not have any more questions about the experiment.",23,
07/08/2020 18:01,07/08/2020 18:01,IP Address,100,25,TRUE,07/08/2020 18:01,R_Rnq7EyY46IMbURj,,anonymous,EN-GB,Firefox,79,Windows NT 10.0,1920x1080,I consent to take part in the project on the basis set out above (Section A),English,Male,99,"I am in a quiet place without distractions, and I am either on a PC or laptop or on a mobile device that I am holding in landscape mode. I can use both hands to respond.,I do not have any more questions about the experiment.",5f0c8009958a65612e4e176a,5f10eee6363557437f328d22
07/08/2020 18:03,07/08/2020 18:04,Survey Preview,100,37,TRUE,07/08/2020 18:04,R_1N32pBL0UGNkgAM,,preview,EN-GB,Firefox,79,Windows NT 10.0,1920x1080,I consent to take part in the project on the basis set out above (Section A),English,Female,99,"I am in a quiet place without distractions, and I am either on a PC or laptop or on a mobile device that I am holding in landscape mode. I can use both hands to respond.,I do not have any more questions about the experiment.",4,
08/08/2020 10:08,08/08/2020 10:08,IP Address,100,16,TRUE,08/08/2020 10:08,R_1EbOut9fhIR0eqa,,anonymous,EN-GB,Firefox,79,Windows NT 10.0,1920x1080,I consent to take part in the project on the basis set out above (Section A),English,Male,99,"I am in a quiet place without distractions, and I am either on a PC or laptop or on a mobile device that I am holding in landscape mode. I can use both hands to respond.,I do not have any more questions about the experiment.",5f0c8009958a65612e4e176a,5f10eee6363557437f328d22
08/08/2020 10:17,08/08/2020 10:17,IP Address,100,19,TRUE,08/08/2020 10:17,R_08osLFSqrODrrwJ,,anonymous,EN-GB,Firefox,79,Windows NT 10.0,1920x1080,I consent to take part in the project on the basis set out above (Section A),English,Other,99,"I am in a quiet place without distractions, and I am either on a PC or laptop or on a mobile device that I am holding in landscape mode. I can use both hands to respond.,I do not have any more questions about the experiment.",5f0c8009958a65612e4e176a,5f10eee6363557437f328d22
08/08/2020 10:21,08/08/2020 10:24,IP Address,100,151,TRUE,08/08/2020 10:24,R_1LtlquagUnnMOFT,,anonymous,EN-GB,Safari iPhone,13.1.1,iPhone,375x667,I consent to take part in the project on the basis set out above (Section A),English,Female,31,"I am in a quiet place without distractions, and I am either on a PC or laptop or on a mobile device that I am holding in landscape mode. I can use both hands to respond.",5efdcff83a6844231c003073,5f10eee6363557437f328d22
08/08/2020 10:23,08/08/2020 10:25,IP Address,100,135,TRUE,08/08/2020 10:25,R_RwcPn49LvvkKl3P,,anonymous,EN-GB,Safari iPhone,11,iPhone,375x667,I consent to take part in the project on the basis set out above (Section A),English,Female,20,"I am in a quiet place without distractions, and I am either on a PC or laptop or on a mobile device that I am holding in landscape mode. I can use both hands to respond.",5cc96a6b5a7979000176e0cc,5f10eee6363557437f328d22
08/08/2020 10:24,08/08/2020 10:25,IP Address,100,43,TRUE,08/08/2020 10:25,R_2pQ37n0l7OxJDEG,,anonymous,EN-GB,Safari iPhone,13.1.1,iPhone,414x736,I consent to take part in the project on the basis set out above (Section A),English,Female,24,"I am in a quiet place without distractions, and I am either on a PC or laptop or on a mobile device that I am holding in landscape mode. I can use both hands to respond.,I do not have any more questions about the experiment.",59e0054ed838ae0001850691,5f10eee6363557437f328d22
08/08/2020 10:25,08/08/2020 10:26,IP Address,100,73,TRUE,08/08/2020 10:26,R_1GK6hIprZecvksl,,anonymous,EN-GB,Chrome,84.0.4147.105,Windows NT 6.1,1920x1080,I consent to take part in the project on the basis set out above (Section A),English,Male,23,"I am in a quiet place without distractions, and I am either on a PC or laptop or on a mobile device that I am holding in landscape mode. I can use both hands to respond.,I do not have any more questions about the experiment.",5c4602713d08e80001369876,5f10eee6363557437f328d22
08/08/2020 10:25,08/08/2020 10:27,IP Address,100,129,TRUE,08/08/2020 10:27,R_r1pbnM5Ir8ANzCV,,anonymous,EN-GB,Chrome,83.0.4103.116,Macintosh,1440x900,I consent to take part in the project on the basis set out above (Section A),English,Female,19,"I am in a quiet place without distractions, and I am either on a PC or laptop or on a mobile device that I am holding in landscape mode. I can use both hands to respond.",5f2bcbf1eb53d868eed230c8,5f10eee6363557437f328d22
08/08/2020 10:35,08/08/2020 10:36,IP Address,100,69,TRUE,08/08/2020 10:37,R_30oeMYbQWZ0h5hN,,anonymous,EN-GB,Chrome,73.0.3683.90,Android 9,360x756,I consent to take part in the project on the basis set out above (Section A),English,Female,26,"I am in a quiet place without distractions, and I am either on a PC or laptop or on a mobile device that I am holding in landscape mode. I can use both hands to respond.",5f2aa0c85cf0cd3026283f76,5f10eee6363557437f328d22
08/08/2020 10:40,08/08/2020 10:42,IP Address,100,104,TRUE,08/08/2020 10:42,R_3RlbgxV4Qix6hZO,,anonymous,EN-GB,Edge,84.0.522.52,Windows NT 10.0,1366x768,I consent to take part in the project on the basis set out above (Section A),English,Female,22,"I am in a quiet place without distractions, and I am either on a PC or laptop or on a mobile device that I am holding in landscape mode. I can use both hands to respond.,I do not have any more questions about the experiment.",5ec6ae38afab190b8b7b3be8,5f10eee6363557437f328d22
08/08/2020 12:00,08/08/2020 12:03,IP Address,100,137,TRUE,08/08/2020 12:03,R_1jv5xStbXsKr6bo,,anonymous,EN-GB,Safari iPhone,13.1.1,iPhone,414x896,I consent to take part in the project on the basis set out above (Section A),English,Male,99,"I am in a quiet place without distractions, and I am either on a PC or laptop or on a mobile device that I am holding in landscape mode. I can use both hands to respond.,I do not have any more questions about the experiment.",5f2e8596a2eef41fc9968887,
10/08/2020 14:11,10/08/2020 14:11,Survey Preview,100,23,TRUE,10/08/2020 14:11,R_3JxxyoEpzlHdyZX,,preview,EN-GB,Chrome,79.0.3945.93,Android 10,1920x1080,I consent to take part in the project on the basis set out above (Section A),English,Male,99,"I am in a quiet place without distractions, and I am either on a PC or laptop or on a mobile device that I am holding in landscape mode. I can use both hands to respond.,I do not have any more questions about the experiment.",0,
10/08/2020 14:13,10/08/2020 14:14,IP Address,100,42,TRUE,10/08/2020 14:14,R_2rGywKI9hCeJcs1,,anonymous,EN-GB,Firefox,79,Windows NT 10.0,1920x1080,I consent to take part in the project on the basis set out above (Section A),English,Male,99,"I am in a quiet place without distractions, and I am either on a PC or laptop or on a mobile device that I am holding in landscape mode. I can use both hands to respond.,I do not have any more questions about the experiment.",5f0c8009958a65612e4e176a,5f31291acb8aea5c9dee6dcf
10/08/2020 14:22,10/08/2020 14:22,Survey Preview,100,45,TRUE,10/08/2020 14:22,R_26hFhD7KPTXBjxh,,preview,EN-GB,Chrome,84.0.4147.105,Windows NT 10.0,1920x1080,I consent to take part in the project on the basis set out above (Section A),English,Male,99,"I am in a quiet place without distractions, and I am either on a PC or laptop or on a mobile device that I am holding in landscape mode. I can use both hands to respond.,I do not have any more questions about the experiment.",0,
10/08/2020 14:41,10/08/2020 14:41,IP Address,100,18,TRUE,10/08/2020 14:41,R_12yeHktDd0M5fdb,,anonymous,EN-GB,Firefox,68,Android 10,414x894,I consent to take part in the project on the basis set out above (Section A),English,Male,99,"I am in a quiet place without distractions, and I am either on a PC or laptop or on a mobile device that I am holding in landscape mode. I can use both hands to respond.,I do not have any more questions about the experiment.",0,
10/08/2020 15:10,10/08/2020 15:11,IP Address,100,16,TRUE,10/08/2020 15:11,R_1GB3u1F7IgGLMkg,,anonymous,EN-GB,Chrome,84.0.4147.105,Android 10,412x915,I consent to take part in the project on the basis set out above (Section A),English,Male,99,"I am in a quiet place without distractions, and I am either on a PC or laptop or on a mobile device that I am holding in landscape mode. I can use both hands to respond.,I do not have any more questions about the experiment.",0,
10/08/2020 15:15,10/08/2020 15:15,Spam,100,35,TRUE,10/08/2020 15:15,R_12xt8iKb1NzeMut,,anonymous,EN-GB,Chrome,84.0.4147.105,Android 10,412x915,I consent to take part in the project on the basis set out above (Section A),English,Male,99,"I am in a quiet place without distractions, and I am either on a PC or laptop or on a mobile device that I am holding in landscape mode. I can use both hands to respond.,I do not have any more questions about the experiment.",0,
10/08/2020 15:17,10/08/2020 15:17,Spam,100,19,TRUE,10/08/2020 15:17,R_r75WhbheslIu3G9,,anonymous,EN-GB,Chrome,84.0.4147.105,Android 10,412x915,I consent to take part in the project on the basis set out above (Section A),English,Male,99,"I am in a quiet place without distractions, and I am either on a PC or laptop or on a mobile device that I am holding in landscape mode. I can use both hands to respond.,I do not have any more questions about the experiment.",0,
10/08/2020 15:21,10/08/2020 15:22,Survey Preview,100,19,TRUE,10/08/2020 15:22,R_3Hko7qNM1V2YAUy,,preview,EN-GB,Firefox,79,Windows NT 10.0,1920x1080,I consent to take part in the project on the basis set out above (Section A),English,Male,99,"I am in a quiet place without distractions, and I am either on a PC or laptop or on a mobile device that I am holding in landscape mode. I can use both hands to respond.,I do not have any more questions about the experiment.",0,
10/08/2020 15:24,10/08/2020 15:25,IP Address,100,46,TRUE,10/08/2020 15:25,R_YPjqZg5Ne6elerT,,anonymous,EN-GB,Edge,18.18362,Windows NT 10.0,1368x768,I consent to take part in the project on the basis set out above (Section A),English,Female,37,"I am in a quiet place without distractions, and I am either on a PC or laptop or on a mobile device that I am holding in landscape mode. I can use both hands to respond.,I do not have any more questions about the experiment.",59d4e4436cc82800013e32b0,5f31291acb8aea5c9dee6dcf
10/08/2020 15:24,10/08/2020 15:25,IP Address,100,72,TRUE,10/08/2020 15:25,R_VOme8WePkIhVpEl,,anonymous,EN-GB,Chrome,79.0.3945.136,Android 10,412x869,I consent to take part in the project on the basis set out above (Section A),English,Female,33,"I am in a quiet place without distractions, and I am either on a PC or laptop or on a mobile device that I am holding in landscape mode. I can use both hands to respond.,I do not have any more questions about the experiment.",5db6b2e41218ef000b26851d,5f31291acb8aea5c9dee6dcf
10/08/2020 15:26,10/08/2020 15:29,IP Address,100,162,TRUE,10/08/2020 15:29,R_2dR1LqC96qYlEBZ,,anonymous,EN-GB,Chrome,84.0.4147.111,Android 10,360x780,I consent to take part in the project on the basis set out above (Section A),English,Male,47,"I am in a quiet place without distractions, and I am either on a PC or laptop or on a mobile device that I am holding in landscape mode. I can use both hands to respond.,I do not have any more questions about the experiment.",5e90cf731baf783ed0ae0a71,5f31291acb8aea5c9dee6dcf
10/08/2020 15:24,10/08/2020 15:29,IP Address,100,260,TRUE,10/08/2020 15:29,R_2sRA2vTAhjLUhck,,anonymous,EN-GB,Chrome,84.0.4147.105,Windows NT 10.0,1920x1080,I consent to take part in the project on the basis set out above (Section A),English,Male,18,"I am in a quiet place without distractions, and I am either on a PC or laptop or on a mobile device that I am holding in landscape mode. I can use both hands to respond.,I do not have any more questions about the experiment.",5f2d9bac4a634e09294684c9,5f31291acb8aea5c9dee6dcf
10/08/2020 15:28,10/08/2020 15:31,IP Address,100,147,TRUE,10/08/2020 15:31,R_3p8ZszbBN7DJkN8,,anonymous,EN-GB,Chrome,84.0.4147.111,Android 9,412x846,I consent to take part in the project on the basis set out above (Section A),English,Female,23,"I am in a quiet place without distractions, and I am either on a PC or laptop or on a mobile device that I am holding in landscape mode. I can use both hands to respond.,I do not have any more questions about the experiment.",5ec83d67cfe53914464d2062,5f31291acb8aea5c9dee6dcf
10/08/2020 15:44,10/08/2020 15:47,IP Address,100,194,TRUE,10/08/2020 15:48,R_3jSu8M33XgVs3yE,,anonymous,EN-GB,Chrome,84.0.4147.105,Windows NT 10.0,1080x1920,I consent to take part in the project on the basis set out above (Section A),English,Male,34,"I am in a quiet place without distractions, and I am either on a PC or laptop or on a mobile device that I am holding in landscape mode. I can use both hands to respond.,I do not have any more questions about the experiment.",5d86c09df681a1001a8dddc8,5f31291acb8aea5c9dee6dcf
10/08/2020 15:57,10/08/2020 15:59,IP Address,100,143,TRUE,10/08/2020 15:59,R_3qdJzmdbJPwUoit,,anonymous,EN-GB,Chrome,83.0.4103.116,Macintosh,1440x900,I consent to take part in the project on the basis set out above (Section A),English,Female,26,"I am in a quiet place without distractions, and I am either on a PC or laptop or on a mobile device that I am holding in landscape mode. I can use both hands to respond.,I do not have any more questions about the experiment.",5f0b062853f8960008793934,5f31291acb8aea5c9dee6dcf
10/08/2020 15:58,10/08/2020 16:02,IP Address,100,190,TRUE,10/08/2020 16:02,R_2V2zM2RxXZiSnoR,,anonymous,EN-GB,Chrome,84.0.4147.89,Macintosh,1440x900,I consent to take part in the project on the basis set out above (Section A),English,Female,19,"I am in a quiet place without distractions, and I am either on a PC or laptop or on a mobile device that I am holding in landscape mode. I can use both hands to respond.,I do not have any more questions about the experiment.",5ea1e178ff3ee50d69b46324,5f31291acb8aea5c9dee6dcf
10/08/2020 15:56,10/08/2020 16:02,IP Address,100,324,TRUE,10/08/2020 16:02,R_2aFvZPl04PJBC4B,,anonymous,EN-GB,Edge,84.0.522.44,Windows NT 10.0,1366x768,I consent to take part in the project on the basis set out above (Section A),English,Male,38,"I am in a quiet place without distractions, and I am either on a PC or laptop or on a mobile device that I am holding in landscape mode. I can use both hands to respond.,I do not have any more questions about the experiment.",5ec614d37bf5d768c8564186,5f31291acb8aea5c9dee6dcf
10/08/2020 16:00,10/08/2020 16:04,IP Address,100,242,TRUE,10/08/2020 16:04,R_3CH1S7oBJ7xytpv,,anonymous,EN-GB,Chrome,84.0.4147.105,Macintosh,1280x800,I consent to take part in the project on the basis set out above (Section A),English,Female,27,"I am in a quiet place without distractions, and I am either on a PC or laptop or on a mobile device that I am holding in landscape mode. I can use both hands to respond.,I do not have any more questions about the experiment.",5f2aed37c08ef8437c72aa73,5f31291acb8aea5c9dee6dcf
10/08/2020 16:05,10/08/2020 16:07,IP Address,100,116,TRUE,10/08/2020 16:07,R_3QF6rZSbFdmuDuO,,anonymous,EN-GB,Chrome,84.0.4147.105,Windows NT 6.1,1536x864,I consent to take part in the project on the basis set out above (Section A),English,Male,41,"I am in a quiet place without distractions, and I am either on a PC or laptop or on a mobile device that I am holding in landscape mode. I can use both hands to respond.,I do not have any more questions about the experiment.",5977e3867412f8000194e1fe,5f31291acb8aea5c9dee6dcf
10/08/2020 16:06,10/08/2020 16:08,IP Address,100,141,TRUE,10/08/2020 16:08,R_1LXrzBQVNdhRJBT,,anonymous,EN-GB,Chrome,84.0.4147.111,Android 9,1280x800,I consent to take part in the project on the basis set out above (Section A),English,Female,39,"I am in a quiet place without distractions, and I am either on a PC or laptop or on a mobile device that I am holding in landscape mode. I can use both hands to respond.,I do not have any more questions about the experiment.",5e9ffa9ee172201b04f1a4c6,5f31291acb8aea5c9dee6dcf
10/08/2020 16:06,10/08/2020 16:11,IP Address,100,288,TRUE,10/08/2020 16:11,R_bDA7GHTYvBgTffH,,anonymous,EN-GB,Chrome,84.0.4147.111,Android 10,424x918,I consent to take part in the project on the basis set out above (Section A),English,Male,29,"I am in a quiet place without distractions, and I am either on a PC or laptop or on a mobile device that I am holding in landscape mode. I can use both hands to respond.,I do not have any more questions about the experiment.",5c576413a7890b0001f59a92,5f31291acb8aea5c9dee6dcf
10/08/2020 16:10,10/08/2020 16:13,IP Address,100,148,TRUE,10/08/2020 16:13,R_1gtM5mvLDHhv04d,,anonymous,EN-GB,Chrome,74.0.3729.157,Android 6.0.1,360x640,I consent to take part in the project on the basis set out above (Section A),English,Female,25,"I am in a quiet place without distractions, and I am either on a PC or laptop or on a mobile device that I am holding in landscape mode. I can use both hands to respond.,I do not have any more questions about the experiment.",5c477c3b302d8a0001c52ee2,5f31291acb8aea5c9dee6dcf
10/08/2020 16:19,10/08/2020 16:20,IP Address,100,19,TRUE,10/08/2020 16:20,R_WciDX25x87tIFUJ,,anonymous,EN-GB,Chrome,84.0.4147.111,Android 9,800x1280,I consent to take part in the project on the basis set out above (Section A),English,Female,39,"I am in a quiet place without distractions, and I am either on a PC or laptop or on a mobile device that I am holding in landscape mode. I can use both hands to respond.,I do not have any more questions about the experiment.",5e9ffa9ee172201b04f1a4c6,5f31291acb8aea5c9dee6dcf
10/08/2020 15:56,10/08/2020 16:20,IP Address,100,1443,TRUE,10/08/2020 16:20,R_1E6uzI27HBW0opl,,anonymous,EN-GB,Chrome,84.0.4147.105,Windows NT 10.0,1360x768,I consent to take part in the project on the basis set out above (Section A),English,Male,18,"I am in a quiet place without distractions, and I am either on a PC or laptop or on a mobile device that I am holding in landscape mode. I can use both hands to respond.,I do not have any more questions about the experiment.",5e6d03bffab3ff2c403cb205,5f31291acb8aea5c9dee6dcf
10/08/2020 16:22,10/08/2020 16:22,IP Address,100,40,TRUE,10/08/2020 16:22,R_2xPrWoW6b45gQZd,,anonymous,EN-GB,Chrome,84.0.4147.105,Windows NT 10.0,1920x1080,I consent to take part in the project on the basis set out above (Section A),English,Male,25,"I am in a quiet place without distractions, and I am either on a PC or laptop or on a mobile device that I am holding in landscape mode. I can use both hands to respond.,I do not have any more questions about the experiment.",5efe309bf2f94230dc588d40,5f31291acb8aea5c9dee6dcf
10/08/2020 16:22,10/08/2020 16:22,IP Address,100,37,TRUE,10/08/2020 16:22,R_3J9L9Dtf5RidvDL,,anonymous,EN-GB,Opera,69.0.3686.95,Windows NT 10.0,1366x768,I consent to take part in the project on the basis set out above (Section A),English,Female,23,"I am in a quiet place without distractions, and I am either on a PC or laptop or on a mobile device that I am holding in landscape mode. I can use both hands to respond.,I do not have any more questions about the experiment.",5ee33ce832efb54e45adc345,5f31291acb8aea5c9dee6dcf
10/08/2020 16:22,10/08/2020 16:23,IP Address,100,44,TRUE,10/08/2020 16:23,R_3RflAIkZXQZYdeo,,anonymous,EN-GB,Chrome,84.0.4147.105,Windows NT 10.0,1280x720,I consent to take part in the project on the basis set out above (Section A),English,Female,24,"I am in a quiet place without distractions, and I am either on a PC or laptop or on a mobile device that I am holding in landscape mode. I can use both hands to respond.,I do not have any more questions about the experiment.",5e71a80784155f0c75a56c70,5f31291acb8aea5c9dee6dcf
10/08/2020 16:22,10/08/2020 16:23,IP Address,100,63,TRUE,10/08/2020 16:23,R_2WYKgoXlDE9wPh9,,anonymous,EN-GB,Chrome,84.0.4147.89,Windows NT 10.0,1536x864,I consent to take part in the project on the basis set out above (Section A),English,Male,40,"I am in a quiet place without distractions, and I am either on a PC or laptop or on a mobile device that I am holding in landscape mode. I can use both hands to respond.,I do not have any more questions about the experiment.",5ee4aab1232e9d1b4d791bae,5f31291acb8aea5c9dee6dcf
10/08/2020 16:22,10/08/2020 16:23,IP Address,100,96,TRUE,10/08/2020 16:23,R_3g6gvBocn2mJZUy,,anonymous,EN-GB,Chrome,84.0.4147.105,Windows NT 10.0,1536x864,I consent to take part in the project on the basis set out above (Section A),English,Female,28,"I am in a quiet place without distractions, and I am either on a PC or laptop or on a mobile device that I am holding in landscape mode. I can use both hands to respond.,I do not have any more questions about the experiment.",5d9312aa39412f00187c5490,5f31291acb8aea5c9dee6dcf
10/08/2020 16:22,10/08/2020 16:24,IP Address,100,102,TRUE,10/08/2020 16:24,R_xgrtrOrjgDphD4R,,anonymous,EN-GB,Chrome,81.0.4044.138,Macintosh,1280x800,I consent to take part in the project on the basis set out above (Section A),English,Female,34,"I am in a quiet place without distractions, and I am either on a PC or laptop or on a mobile device that I am holding in landscape mode. I can use both hands to respond.,I do not have any more questions about the experiment.",5d7a098214f08f00164031a0,5f31291acb8aea5c9dee6dcf
10/08/2020 16:22,10/08/2020 16:24,IP Address,100,108,TRUE,10/08/2020 16:24,R_22Q7UcWYDYQWu9a,,anonymous,EN-GB,Chrome,84.0.4147.105,Windows NT 10.0,1920x1080,I consent to take part in the project on the basis set out above (Section A),English,Male,50,"I am in a quiet place without distractions, and I am either on a PC or laptop or on a mobile device that I am holding in landscape mode. I can use both hands to respond.,I do not have any more questions about the experiment.",5e94627fbd18cc000995584c,5f31291acb8aea5c9dee6dcf
10/08/2020 16:22,10/08/2020 16:24,IP Address,100,110,TRUE,10/08/2020 16:24,R_33p2pOoCtgiinGp,,anonymous,EN-GB,Firefox,81,Windows NT 10.0,1920x1080,I consent to take part in the project on the basis set out above (Section A),English,Male,19,"I am in a quiet place without distractions, and I am either on a PC or laptop or on a mobile device that I am holding in landscape mode. I can use both hands to respond.,I do not have any more questions about the experiment.",5f06f8636d8943077dd53f66,5f31291acb8aea5c9dee6dcf
10/08/2020 16:22,10/08/2020 16:24,IP Address,100,114,TRUE,10/08/2020 16:24,R_1dH8CO9aMgGRc7Q,,anonymous,EN-GB,Firefox,78,Windows NT 10.0,1600x900,I consent to take part in the project on the basis set out above (Section A),English,Male,56,"I am in a quiet place without distractions, and I am either on a PC or laptop or on a mobile device that I am holding in landscape mode. I can use both hands to respond.,I do not have any more questions about the experiment.",5e5012ec47808406305d6a0d,5f31291acb8aea5c9dee6dcf
10/08/2020 16:22,10/08/2020 16:24,IP Address,100,150,TRUE,10/08/2020 16:24,R_3Dc4oUJUCcKli6G,,anonymous,EN-GB,Chrome,84.0.4147.111,Android 10,412x869,I consent to take part in the project on the basis set out above (Section A),English,Female,27,"I am in a quiet place without distractions, and I am either on a PC or laptop or on a mobile device that I am holding in landscape mode. I can use both hands to respond.,I do not have any more questions about the experiment.",5db1de78d823e2000a85520b,5f31291acb8aea5c9dee6dcf
10/08/2020 16:23,10/08/2020 16:25,IP Address,100,132,TRUE,10/08/2020 16:25,R_3C4jxFY0iQShbih,,anonymous,EN-GB,Chrome,77.0.3865.92,Android 9,360x800,I consent to take part in the project on the basis set out above (Section A),English,Female,25,"I am in a quiet place without distractions, and I am either on a PC or laptop or on a mobile device that I am holding in landscape mode. I can use both hands to respond.,I do not have any more questions about the experiment.",5ef35f1554cf70092d1997d9,5f31291acb8aea5c9dee6dcf
10/08/2020 16:22,10/08/2020 16:26,IP Address,100,227,TRUE,10/08/2020 16:26,R_3q9XxyP62dt1KfZ,,anonymous,EN-GB,Firefox,79,Windows NT 6.1,1600x900,I consent to take part in the project on the basis set out above (Section A),English,Male,52,"I am in a quiet place without distractions, and I am either on a PC or laptop or on a mobile device that I am holding in landscape mode. I can use both hands to respond.,I do not have any more questions about the experiment.",5dd11ee349f6071aef4519bb,5f31291acb8aea5c9dee6dcf
10/08/2020 16:22,10/08/2020 16:26,IP Address,100,263,TRUE,10/08/2020 16:26,R_2pJLLMohI4tS2Mk,,anonymous,EN-GB,Chrome,84.0.4147.105,Windows NT 10.0,1600x900,I consent to take part in the project on the basis set out above (Section A),English,Female,28,"I am in a quiet place without distractions, and I am either on a PC or laptop or on a mobile device that I am holding in landscape mode. I can use both hands to respond.,I do not have any more questions about the experiment.",5f2aeb9e0f60154413ed7f5e,5f31291acb8aea5c9dee6dcf
10/08/2020 16:27,10/08/2020 16:29,IP Address,100,116,TRUE,10/08/2020 16:29,R_2tFq24RIcrNLiHQ,,anonymous,EN-GB,Chrome,84.0.4147.111,Android 10,412x869,I consent to take part in the project on the basis set out above (Section A),English,Male,43,"I am in a quiet place without distractions, and I am either on a PC or laptop or on a mobile device that I am holding in landscape mode. I can use both hands to respond.,I do not have any more questions about the experiment.",5ed368ce7400922f544fdecc,5f31291acb8aea5c9dee6dcf
10/08/2020 16:30,10/08/2020 16:31,Spam,100,22,TRUE,10/08/2020 16:31,R_1JWRz34VNmKeHj5,,anonymous,EN-GB,Chrome,84.0.4147.111,Android 9,800x1280,I consent to take part in the project on the basis set out above (Section A),English,Female,39,"I am in a quiet place without distractions, and I am either on a PC or laptop or on a mobile device that I am holding in landscape mode. I can use both hands to respond.,I do not have any more questions about the experiment.",5e9ffa9ee172201b04f1a4c6,5f31291acb8aea5c9dee6dcf
10/08/2020 16:22,10/08/2020 16:32,IP Address,100,602,TRUE,10/08/2020 16:32,R_2b35YyyZG1MVeYc,,anonymous,EN-GB,Firefox,79,Macintosh,1440x900,I consent to take part in the project on the basis set out above (Section A),English,Male,26,"I am in a quiet place without distractions, and I am either on a PC or laptop or on a mobile device that I am holding in landscape mode. I can use both hands to respond.,I do not have any more questions about the experiment.",5d2dbfc01460350001333a97,5f31291acb8aea5c9dee6dcf
10/08/2020 16:45,10/08/2020 16:47,IP Address,100,149,TRUE,10/08/2020 16:47,R_1OGIc1Av2eSuoyR,,anonymous,EN-GB,Chrome,84.0.4147.105,Windows NT 10.0,1536x864,I consent to take part in the project on the basis set out above (Section A),English,Female,32,"I am in a quiet place without distractions, and I am either on a PC or laptop or on a mobile device that I am holding in landscape mode. I can use both hands to respond.,I do not have any more questions about the experiment.",5e19b97a8a76fb239d3e33d6,5f31291acb8aea5c9dee6dcf
10/08/2020 16:47,10/08/2020 16:50,IP Address,100,161,TRUE,10/08/2020 16:50,R_3Ol8xIugJRwsH4t,,anonymous,EN-GB,Firefox,79,Windows NT 6.1,1360x768,I consent to take part in the project on the basis set out above (Section A),English,Male,32,"I am in a quiet place without distractions, and I am either on a PC or laptop or on a mobile device that I am holding in landscape mode. I can use both hands to respond.,I do not have any more questions about the experiment.",5c0c90e7632102000147c3cc,5f31291acb8aea5c9dee6dcf
10/08/2020 16:57,10/08/2020 16:58,IP Address,100,80,TRUE,10/08/2020 16:58,R_2QW0QXLq6vXhmfq,,anonymous,EN-GB,Firefox,79,Windows NT 10.0,1920x1080,I consent to take part in the project on the basis set out above (Section A),English,Male,30,"I am in a quiet place without distractions, and I am either on a PC or laptop or on a mobile device that I am holding in landscape mode. I can use both hands to respond.,I do not have any more questions about the experiment.",5c1d232074ad0b0001531eea,5f31291acb8aea5c9dee6dcf
10/08/2020 17:45,10/08/2020 17:45,IP Address,100,49,TRUE,10/08/2020 17:45,R_3ptpCFDZCyzidEc,,anonymous,EN-GB,Chrome,84.0.4147.105,Macintosh,1280x800,I consent to take part in the project on the basis set out above (Section A),English,Male,28,"I am in a quiet place without distractions, and I am either on a PC or laptop or on a mobile device that I am holding in landscape mode. I can use both hands to respond.,I do not have any more questions about the experiment.",5d1f680b4a21e00001818cf2,5f31291acb8aea5c9dee6dcf
10/08/2020 17:44,10/08/2020 17:46,IP Address,100,76,TRUE,10/08/2020 17:46,R_25Mimx0oTrLffEw,,anonymous,EN-GB,Chrome,84.0.4147.105,Windows NT 10.0,1536x864,I consent to take part in the project on the basis set out above (Section A),English,Female,20,"I am in a quiet place without distractions, and I am either on a PC or laptop or on a mobile device that I am holding in landscape mode. I can use both hands to respond.,I do not have any more questions about the experiment.",5e3d8f6b6b1c15033ce417f4,5f31291acb8aea5c9dee6dcf
10/08/2020 17:44,10/08/2020 17:46,IP Address,100,105,TRUE,10/08/2020 17:46,R_1Gwtz9vYz2pRxYu,,anonymous,EN-GB,Firefox,79,Windows NT 10.0,1536x864,I consent to take part in the project on the basis set out above (Section A),English,Male,33,"I am in a quiet place without distractions, and I am either on a PC or laptop or on a mobile device that I am holding in landscape mode. I can use both hands to respond.,I do not have any more questions about the experiment.",5ef6a216cf5fa438db69c355,5f31291acb8aea5c9dee6dcf
10/08/2020 17:44,10/08/2020 17:46,IP Address,100,108,TRUE,10/08/2020 17:46,R_1k0NGmgihEJ6ZBz,,anonymous,EN-GB,Opera,68.0.3618.206,Windows NT 10.0,1920x1080,I consent to take part in the project on the basis set out above (Section A),English,Male,21,"I am in a quiet place without distractions, and I am either on a PC or laptop or on a mobile device that I am holding in landscape mode. I can use both hands to respond.,I do not have any more questions about the experiment.",5e875f10bde8373bdc2eac32,5f31291acb8aea5c9dee6dcf
10/08/2020 17:44,10/08/2020 17:46,IP Address,100,110,TRUE,10/08/2020 17:46,R_YPo0a5mr3brArvj,,anonymous,EN-GB,Chrome,79.0.3945.136,Android 10,412x846,I consent to take part in the project on the basis set out above (Section A),English,Female,68,"I am in a quiet place without distractions, and I am either on a PC or laptop or on a mobile device that I am holding in landscape mode. I can use both hands to respond.,I do not have any more questions about the experiment.",5e2322100e12225cf287f0a4,5f31291acb8aea5c9dee6dcf
10/08/2020 17:45,10/08/2020 17:46,IP Address,100,103,TRUE,10/08/2020 17:46,R_1Q5T5cBXpvtzKT9,,anonymous,EN-GB,Chrome,79.0.3945.136,Android 10,360x800,I consent to take part in the project on the basis set out above (Section A),English,Male,32,"I am in a quiet place without distractions, and I am either on a PC or laptop or on a mobile device that I am holding in landscape mode. I can use both hands to respond.,I do not have any more questions about the experiment.",5d78986d4531b9001508752d,5f31291acb8aea5c9dee6dcf
10/08/2020 17:45,10/08/2020 17:46,IP Address,100,84,TRUE,10/08/2020 17:46,R_3gArklBLH5yagEh,,anonymous,EN-GB,Chrome,84.0.4147.105,Windows NT 10.0,1536x864,I consent to take part in the project on the basis set out above (Section A),English,Female,19,"I am in a quiet place without distractions, and I am either on a PC or laptop or on a mobile device that I am holding in landscape mode. I can use both hands to respond.,I do not have any more questions about the experiment.",5ebf22d18258381b86086132,5f31291acb8aea5c9dee6dcf
10/08/2020 17:45,10/08/2020 17:47,IP Address,100,97,TRUE,10/08/2020 17:47,R_2ZZXqHuF0irgwat,,anonymous,EN-GB,Chrome,83.0.4103.61,Macintosh,1440x900,I consent to take part in the project on the basis set out above (Section A),English,Male,38,"I am in a quiet place without distractions, and I am either on a PC or laptop or on a mobile device that I am holding in landscape mode. I can use both hands to respond.,I do not have any more questions about the experiment.",5ee561897247c02ad544c299,5f31291acb8aea5c9dee6dcf
10/08/2020 17:46,10/08/2020 17:48,IP Address,100,139,TRUE,10/08/2020 17:48,R_T4JZgSHdihKsAFj,,anonymous,EN-GB,Chrome,84.0.4147.105,Windows NT 10.0,1920x1080,I consent to take part in the project on the basis set out above (Section A),English,Male,37,"I am in a quiet place without distractions, and I am either on a PC or laptop or on a mobile device that I am holding in landscape mode. I can use both hands to respond.,I do not have any more questions about the experiment.",5755c957eb80c4000741a9ce,5f31291acb8aea5c9dee6dcf
10/08/2020 17:45,10/08/2020 17:48,IP Address,100,192,TRUE,10/08/2020 17:48,R_1C749t8K1vMzFlA,,anonymous,EN-GB,Firefox,79,Windows NT 10.0,1366x768,I consent to take part in the project on the basis set out above (Section A),English,Male,40,"I am in a quiet place without distractions, and I am either on a PC or laptop or on a mobile device that I am holding in landscape mode. I can use both hands to respond.,I do not have any more questions about the experiment.",5ef89381b14cb50009b994db,5f31291acb8aea5c9dee6dcf
10/08/2020 17:44,10/08/2020 17:49,IP Address,100,264,TRUE,10/08/2020 17:49,R_3I0iqHzEmXt9kNU,,anonymous,EN-GB,Chrome,84.0.4147.105,Macintosh,2560x1440,I consent to take part in the project on the basis set out above (Section A),English,Female,30,"I am in a quiet place without distractions, and I am either on a PC or laptop or on a mobile device that I am holding in landscape mode. I can use both hands to respond.,I do not have any more questions about the experiment.",5e18ca0eba65e719f09679ba,5f31291acb8aea5c9dee6dcf
10/08/2020 17:47,10/08/2020 17:49,IP Address,100,139,TRUE,10/08/2020 17:49,R_2R4zPwtspUr3ZQl,,anonymous,EN-GB,Chrome,84.0.4147.105,Macintosh,1440x900,I consent to take part in the project on the basis set out above (Section A),English,Male,21,"I am in a quiet place without distractions, and I am either on a PC or laptop or on a mobile device that I am holding in landscape mode. I can use both hands to respond.,I do not have any more questions about the experiment.",5f2d4939e1b8742bba60a1e4,5f31291acb8aea5c9dee6dcf
10/08/2020 17:45,10/08/2020 17:54,IP Address,100,544,TRUE,10/08/2020 17:54,R_9N9qVuMUwobQQaB,,anonymous,EN-GB,Chrome,84.0.4147.105,Windows NT 10.0,2560x1440,I consent to take part in the project on the basis set out above (Section A),English,Male,24,"I am in a quiet place without distractions, and I am either on a PC or laptop or on a mobile device that I am holding in landscape mode. I can use both hands to respond.,I do not have any more questions about the experiment.",5ea5b7467bc3955b6bf0a1ca,5f31291acb8aea5c9dee6dcf
10/08/2020 17:57,10/08/2020 18:02,IP Address,100,311,TRUE,10/08/2020 18:02,R_NXwUXOGzSJapT9L,,anonymous,EN-GB,Chrome,84.0.4147.105,Windows NT 6.2,1600x900,I consent to take part in the project on the basis set out above (Section A),English,Male,34,"I am in a quiet place without distractions, and I am either on a PC or laptop or on a mobile device that I am holding in landscape mode. I can use both hands to respond.,I do not have any more questions about the experiment.",5e28e735ea776009d4d15c34,5f31291acb8aea5c9dee6dcf
10/08/2020 18:07,10/08/2020 18:08,IP Address,100,38,TRUE,10/08/2020 18:08,R_PRsAxHRvtBT3lDP,,anonymous,EN-GB,Chrome,84.0.4147.105,Macintosh,1440x900,I consent to take part in the project on the basis set out above (Section A),English,Male,26,"I am in a quiet place without distractions, and I am either on a PC or laptop or on a mobile device that I am holding in landscape mode. I can use both hands to respond.,I do not have any more questions about the experiment.",5ebbf5e7aee67702ea450cf2,5f31291acb8aea5c9dee6dcf
10/08/2020 18:07,10/08/2020 18:08,IP Address,100,36,TRUE,10/08/2020 18:08,R_2AL4rFjRW5R3GCu,,anonymous,EN-GB,Edge,84.0.522.52,Windows NT 10.0,1366x768,I consent to take part in the project on the basis set out above (Section A),English,Female,31,"I am in a quiet place without distractions, and I am either on a PC or laptop or on a mobile device that I am holding in landscape mode. I can use both hands to respond.,I do not have any more questions about the experiment.",5ed29ca1126970098589f622,5f31291acb8aea5c9dee6dcf
10/08/2020 18:07,10/08/2020 18:08,IP Address,100,49,TRUE,10/08/2020 18:08,R_1OrTCczRYsHs1i7,,anonymous,EN-GB,Chrome,84.0.4147.105,Macintosh,1440x900,I consent to take part in the project on the basis set out above (Section A),English,Male,29,"I am in a quiet place without distractions, and I am either on a PC or laptop or on a mobile device that I am holding in landscape mode. I can use both hands to respond.,I do not have any more questions about the experiment.",5846c387d2be990001174c6f,5f31291acb8aea5c9dee6dcf
10/08/2020 18:07,10/08/2020 18:08,IP Address,100,58,TRUE,10/08/2020 18:08,R_1LZERC16DqQxUSw,,anonymous,EN-GB,Chrome,84.0.4147.105,Windows NT 10.0,1920x1080,I consent to take part in the project on the basis set out above (Section A),English,Male,21,"I am in a quiet place without distractions, and I am either on a PC or laptop or on a mobile device that I am holding in landscape mode. I can use both hands to respond.,I do not have any more questions about the experiment.",5f1487c186fcde504cfd70d7,5f31291acb8aea5c9dee6dcf
10/08/2020 18:07,10/08/2020 18:08,IP Address,100,60,TRUE,10/08/2020 18:08,R_2anUBRNPytYYt5b,,anonymous,EN-GB,Chrome,84.0.4147.105,Windows NT 10.0,1920x1080,I consent to take part in the project on the basis set out above (Section A),English,Male,18,"I am in a quiet place without distractions, and I am either on a PC or laptop or on a mobile device that I am holding in landscape mode. I can use both hands to respond.,I do not have any more questions about the experiment.",5f0be5b2bc55e434486fad66,5f31291acb8aea5c9dee6dcf
10/08/2020 18:07,10/08/2020 18:08,IP Address,100,59,TRUE,10/08/2020 18:08,R_1dzvhVrHiEgkIFw,,anonymous,EN-GB,Chrome,84.0.4147.105,Windows NT 10.0,1920x1080,I consent to take part in the project on the basis set out above (Section A),English,Male,24,"I am in a quiet place without distractions, and I am either on a PC or laptop or on a mobile device that I am holding in landscape mode. I can use both hands to respond.,I do not have any more questions about the experiment.",5ef67c10ab1a7e379bfbc42f,5f31291acb8aea5c9dee6dcf
10/08/2020 18:07,10/08/2020 18:09,IP Address,100,90,TRUE,10/08/2020 18:09,R_1OiPDT2Ie7Epxgo,,anonymous,EN-GB,Firefox,79,Windows NT 10.0,1280x720,I consent to take part in the project on the basis set out above (Section A),English,Male,71,"I am in a quiet place without distractions, and I am either on a PC or laptop or on a mobile device that I am holding in landscape mode. I can use both hands to respond.,I do not have any more questions about the experiment.",5dcf0e94fce60605794da411,5f31291acb8aea5c9dee6dcf
10/08/2020 18:07,10/08/2020 18:09,IP Address,100,88,TRUE,10/08/2020 18:09,R_BVSz0xnisZ3dUid,,anonymous,EN-GB,Chrome,79.0.3945.136,Android 10,360x800,I consent to take part in the project on the basis set out above (Section A),English,Female,33,"I am in a quiet place without distractions, and I am either on a PC or laptop or on a mobile device that I am holding in landscape mode. I can use both hands to respond.,I do not have any more questions about the experiment.",5cedb6b3dfb27200199626a0,5f31291acb8aea5c9dee6dcf
10/08/2020 18:07,10/08/2020 18:09,IP Address,100,93,TRUE,10/08/2020 18:09,R_3PMhA8Z3GyBzMfU,,anonymous,EN-GB,Chrome,84.0.4147.105,Macintosh,1440x900,I consent to take part in the project on the basis set out above (Section A),English,Female,24,"I am in a quiet place without distractions, and I am either on a PC or laptop or on a mobile device that I am holding in landscape mode. I can use both hands to respond.,I do not have any more questions about the experiment.",5e988374315d6f0a10bac638,5f31291acb8aea5c9dee6dcf
10/08/2020 18:07,10/08/2020 18:09,IP Address,100,120,TRUE,10/08/2020 18:09,R_2uCYgYyaBHDNmGJ,,anonymous,EN-GB,Chrome,84.0.4147.105,Macintosh,1440x900,I consent to take part in the project on the basis set out above (Section A),English,Male,20,"I am in a quiet place without distractions, and I am either on a PC or laptop or on a mobile device that I am holding in landscape mode. I can use both hands to respond.,I do not have any more questions about the experiment.",5edea84a36d2b814cfce6116,5f31291acb8aea5c9dee6dcf
10/08/2020 18:07,10/08/2020 18:10,IP Address,100,131,TRUE,10/08/2020 18:10,R_2VkjiguMrElk2jS,,anonymous,EN-GB,Edge,84.0.522.52,Windows NT 10.0,1366x768,I consent to take part in the project on the basis set out above (Section A),English,Female,27,"I am in a quiet place without distractions, and I am either on a PC or laptop or on a mobile device that I am holding in landscape mode. I can use both hands to respond.,I do not have any more questions about the experiment.",59efd2b3d838ae000185123a,5f31291acb8aea5c9dee6dcf
10/08/2020 18:08,10/08/2020 18:10,IP Address,100,128,TRUE,10/08/2020 18:10,R_Y06IXi6xtPuBxEB,,anonymous,EN-GB,Chrome,81.0.4044.113,Windows NT 10.0,1536x864,I consent to take part in the project on the basis set out above (Section A),English,Male,19,"I am in a quiet place without distractions, and I am either on a PC or laptop or on a mobile device that I am holding in landscape mode. I can use both hands to respond.,I do not have any more questions about the experiment.",5e36f37bbdc067675450705f,5f31291acb8aea5c9dee6dcf
10/08/2020 18:07,10/08/2020 18:12,IP Address,100,275,TRUE,10/08/2020 18:12,R_22DnGkRy5x0YtjY,,anonymous,EN-GB,Chrome,84.0.4147.105,Windows NT 10.0,1536x864,I consent to take part in the project on the basis set out above (Section A),English,Male,26,"I am in a quiet place without distractions, and I am either on a PC or laptop or on a mobile device that I am holding in landscape mode. I can use both hands to respond.,I do not have any more questions about the experiment.",5ca8f085685e370018b704b2,5f31291acb8aea5c9dee6dcf
10/08/2020 18:10,10/08/2020 18:15,IP Address,100,305,TRUE,10/08/2020 18:15,R_1d45lsAOPakjHVG,,anonymous,EN-GB,Chrome,84.0.4147.105,Windows NT 6.1,1024x768,I consent to take part in the project on the basis set out above (Section A),English,Female,29,"I am in a quiet place without distractions, and I am either on a PC or laptop or on a mobile device that I am holding in landscape mode. I can use both hands to respond.,I do not have any more questions about the experiment.",5deaac8dff7f711d9032fa94,5f31291acb8aea5c9dee6dcf
10/08/2020 18:10,10/08/2020 18:16,IP Address,100,345,TRUE,10/08/2020 18:16,R_3O6OG4pZwDLsq72,,anonymous,EN-GB,Firefox,79,Windows NT 10.0,1280x720,I consent to take part in the project on the basis set out above (Section A),English,Male,41,"I am in a quiet place without distractions, and I am either on a PC or laptop or on a mobile device that I am holding in landscape mode. I can use both hands to respond.,I do not have any more questions about the experiment.",5f28854b5672311974ef3f3a,5f31291acb8aea5c9dee6dcf
10/08/2020 18:16,10/08/2020 18:17,IP Address,100,50,TRUE,10/08/2020 18:17,R_1IGyjW1wjwkTStG,,anonymous,EN-GB,Chrome,84.0.4147.105,Macintosh,1680x1050,I consent to take part in the project on the basis set out above (Section A),English,Female,33,"I am in a quiet place without distractions, and I am either on a PC or laptop or on a mobile device that I am holding in landscape mode. I can use both hands to respond.,I do not have any more questions about the experiment.",5afa5252672ea800010d97e6,5f31291acb8aea5c9dee6dcf
10/08/2020 18:16,10/08/2020 18:17,IP Address,100,62,TRUE,10/08/2020 18:17,R_3iy8CH55T0wm80b,,anonymous,EN-GB,Chrome,84.0.4147.105,Windows NT 10.0,1920x1080,I consent to take part in the project on the basis set out above (Section A),English,Female,44,"I am in a quiet place without distractions, and I am either on a PC or laptop or on a mobile device that I am holding in landscape mode. I can use both hands to respond.,I do not have any more questions about the experiment.",5dd03b1749f607128e66ca09,5f31291acb8aea5c9dee6dcf
10/08/2020 18:16,10/08/2020 18:18,IP Address,100,113,TRUE,10/08/2020 18:18,R_tJsXWQSH3FQKHEB,,anonymous,EN-GB,Chrome,84.0.4147.89,Windows NT 10.0,1600x900,I consent to take part in the project on the basis set out above (Section A),English,Female,39,"I am in a quiet place without distractions, and I am either on a PC or laptop or on a mobile device that I am holding in landscape mode. I can use both hands to respond.,I do not have any more questions about the experiment.",5efff21045937e0f18c41b2e,5f31291acb8aea5c9dee6dcf
10/08/2020 18:16,10/08/2020 18:18,IP Address,100,99,TRUE,10/08/2020 18:18,R_3rYf2ZkKX11tpRc,,anonymous,EN-GB,Chrome,84.0.4147.105,Macintosh,2560x1440,I consent to take part in the project on the basis set out above (Section A),English,Male,51,"I am in a quiet place without distractions, and I am either on a PC or laptop or on a mobile device that I am holding in landscape mode. I can use both hands to respond.,I do not have any more questions about the experiment.",5ef3723b50bced0c4a711686,5f31291acb8aea5c9dee6dcf
10/08/2020 18:16,10/08/2020 18:18,IP Address,100,115,TRUE,10/08/2020 18:18,R_2aWGcHb84o7CiMU,,anonymous,EN-GB,Chrome,84.0.4147.105,Windows NT 10.0,5760x1080,I consent to take part in the project on the basis set out above (Section A),English,Male,35,"I am in a quiet place without distractions, and I am either on a PC or laptop or on a mobile device that I am holding in landscape mode. I can use both hands to respond.,I do not have any more questions about the experiment.",5e7902515312ee4a99c22e53,5f31291acb8aea5c9dee6dcf
10/08/2020 18:16,10/08/2020 18:19,IP Address,100,169,TRUE,10/08/2020 18:19,R_3syykDRLjQ9gWKO,,anonymous,EN-GB,Chrome,83.0.4103.97,Macintosh,1440x900,I consent to take part in the project on the basis set out above (Section A),English,Female,19,"I am in a quiet place without distractions, and I am either on a PC or laptop or on a mobile device that I am holding in landscape mode. I can use both hands to respond.,I do not have any more questions about the experiment.",5f0787e0905be01692f34950,5f31291acb8aea5c9dee6dcf
10/08/2020 18:17,10/08/2020 18:19,IP Address,100,143,TRUE,10/08/2020 18:19,R_2awXbIpTRkvqSJW,,anonymous,EN-GB,Chrome,84.0.4147.105,Linux x86_64,1920x1080,I consent to take part in the project on the basis set out above (Section A),English,Male,23,"I am in a quiet place without distractions, and I am either on a PC or laptop or on a mobile device that I am holding in landscape mode. I can use both hands to respond.,I do not have any more questions about the experiment.",5f0f1c7ff1db6e0683cda086,5f31291acb8aea5c9dee6dcf
10/08/2020 18:16,10/08/2020 18:20,IP Address,100,212,TRUE,10/08/2020 18:20,R_3sdlHQis95cyUke,,anonymous,EN-GB,Firefox,79,Windows NT 6.3,1440x900,I consent to take part in the project on the basis set out above (Section A),English,Male,40,"I am in a quiet place without distractions, and I am either on a PC or laptop or on a mobile device that I am holding in landscape mode. I can use both hands to respond.,I do not have any more questions about the experiment.",5c0da14d656168000159da7a,5f31291acb8aea5c9dee6dcf
10/08/2020 18:17,10/08/2020 18:20,IP Address,100,187,TRUE,10/08/2020 18:20,R_2b195D0mWSXQJsB,,anonymous,EN-GB,Chrome,84.0.4147.105,Windows NT 10.0,1536x864,I consent to take part in the project on the basis set out above (Section A),English,Female,46,"I am in a quiet place without distractions, and I am either on a PC or laptop or on a mobile device that I am holding in landscape mode. I can use both hands to respond.,I do not have any more questions about the experiment.",5d8da90433afc60017fae3d3,5f31291acb8aea5c9dee6dcf
10/08/2020 18:18,10/08/2020 18:20,IP Address,100,155,TRUE,10/08/2020 18:20,R_1F98cusNdvdLl5H,,anonymous,EN-GB,Chrome,79.0.3945.136,Android 9,360x760,I consent to take part in the project on the basis set out above (Section A),English,Male,30,"I am in a quiet place without distractions, and I am either on a PC or laptop or on a mobile device that I am holding in landscape mode. I can use both hands to respond.,I do not have any more questions about the experiment.",5f010ab6dd343a125d4bd704,5f31291acb8aea5c9dee6dcf
10/08/2020 18:17,10/08/2020 18:21,IP Address,100,240,TRUE,10/08/2020 18:21,R_3s7fRZSAmVNFdpn,,anonymous,EN-GB,Chrome,77.0.3865.92,Android 8.1.0,360x640,I consent to take part in the project on the basis set out above (Section A),English,Male,30,"I am in a quiet place without distractions, and I am either on a PC or laptop or on a mobile device that I am holding in landscape mode. I can use both hands to respond.,I do not have any more questions about the experiment.",5f00ac0a5d96ff1cb9fc826b,5f31291acb8aea5c9dee6dcf
10/08/2020 18:20,10/08/2020 18:21,IP Address,100,67,TRUE,10/08/2020 18:21,R_AHDddaXnvjZGCuR,,anonymous,EN-GB,Chrome,84.0.4147.105,Windows NT 10.0,1366x768,I consent to take part in the project on the basis set out above (Section A),English,Female,43,"I am in a quiet place without distractions, and I am either on a PC or laptop or on a mobile device that I am holding in landscape mode. I can use both hands to respond.,I do not have any more questions about the experiment.",5eda87309c985569eb4cb2e0,5f31291acb8aea5c9dee6dcf
10/08/2020 18:17,10/08/2020 18:22,IP Address,100,299,TRUE,10/08/2020 18:22,R_3P5jYDbfc3umIC3,,anonymous,EN-GB,Chrome,84.0.4147.105,Windows NT 10.0,1536x864,I consent to take part in the project on the basis set out above (Section A),English,Female,19,"I am in a quiet place without distractions, and I am either on a PC or laptop or on a mobile device that I am holding in landscape mode. I can use both hands to respond.,I do not have any more questions about the experiment.",5f2dcc2ab5f3f20f53df3a4d,5f31291acb8aea5c9dee6dcf
10/08/2020 18:18,10/08/2020 18:24,IP Address,100,345,TRUE,10/08/2020 18:24,R_efAStjYs1JKdP6p,,anonymous,EN-GB,Chrome,84.0.4147.105,Windows NT 10.0,1366x768,I consent to take part in the project on the basis set out above (Section A),English,Male,34,"I am in a quiet place without distractions, and I am either on a PC or laptop or on a mobile device that I am holding in landscape mode. I can use both hands to respond.,I do not have any more questions about the experiment.",5cdc899d48d5f100195fafff,5f31291acb8aea5c9dee6dcf
10/08/2020 18:16,10/08/2020 18:24,IP Address,100,469,TRUE,10/08/2020 18:24,R_3EukjFIzmfqjhFM,,anonymous,EN-GB,Firefox,79,Windows NT 10.0,1366x768,I consent to take part in the project on the basis set out above (Section A),English,Male,18,"I am in a quiet place without distractions, and I am either on a PC or laptop or on a mobile device that I am holding in landscape mode. I can use both hands to respond.,I do not have any more questions about the experiment.",5f2dbe52314d560ef2ce0adb,5f31291acb8aea5c9dee6dcf
10/08/2020 18:31,10/08/2020 18:35,IP Address,100,214,TRUE,10/08/2020 18:35,R_12hDa0oEkP8MyN8,,anonymous,EN-GB,Chrome,47.0.2526.106,Windows NT 6.3,450x950,I consent to take part in the project on the basis set out above (Section A),English,Male,23,"I am in a quiet place without distractions, and I am either on a PC or laptop or on a mobile device that I am holding in landscape mode. I can use both hands to respond.,I do not have any more questions about the experiment.",5eef5cc0270c550c05faf0fe,5f31291acb8aea5c9dee6dcf
10/08/2020 18:43,10/08/2020 18:44,IP Address,100,96,TRUE,10/08/2020 18:44,R_2ZEMnpM57KjX6v7,,anonymous,EN-GB,Chrome,84.0.4147.105,Windows NT 10.0,1920x1080,I consent to take part in the project on the basis set out above (Section A),English,Male,20,"I am in a quiet place without distractions, and I am either on a PC or laptop or on a mobile device that I am holding in landscape mode. I can use both hands to respond.,I do not have any more questions about the experiment.",5d30b98eb8f4a500193ce6c6,5f31291acb8aea5c9dee6dcf
10/08/2020 18:42,10/08/2020 18:47,IP Address,100,271,TRUE,10/08/2020 18:47,R_23X01BDlz6g1rn3,,anonymous,EN-GB,Chrome,84.0.4147.105,Windows NT 10.0,1280x720,I consent to take part in the project on the basis set out above (Section A),English,Female,26,"I am in a quiet place without distractions, and I am either on a PC or laptop or on a mobile device that I am holding in landscape mode. I can use both hands to respond.,I do not have any more questions about the experiment.",5f0452d558d1c26aa28f6d18,5f31291acb8aea5c9dee6dcf
10/08/2020 18:41,10/08/2020 18:47,IP Address,100,367,TRUE,10/08/2020 18:47,R_33dxExcrRuAEVq7,,anonymous,EN-GB,Firefox,79,Windows NT 10.0,1366x768,I consent to take part in the project on the basis set out above (Section A),English,Male,45,"I am in a quiet place without distractions, and I am either on a PC or laptop or on a mobile device that I am holding in landscape mode. I can use both hands to respond.,I do not have any more questions about the experiment.",5f1e827568c1bb862cb9f5bd,5f31291acb8aea5c9dee6dcf
10/08/2020 18:38,10/08/2020 18:56,IP Address,100,1061,TRUE,10/08/2020 18:56,R_sU4qJ6UCe9jRKs9,,anonymous,EN-GB,Chrome,82.0.4085.4,Windows NT 10.0,360x760,I consent to take part in the project on the basis set out above (Section A),English,Female,26,"I am in a quiet place without distractions, and I am either on a PC or laptop or on a mobile device that I am holding in landscape mode. I can use both hands to respond.,I do not have any more questions about the experiment.",5ec799f7dab5741eaea37681,5f31291acb8aea5c9dee6dcf
10/08/2020 18:42,10/08/2020 18:56,IP Address,100,851,TRUE,10/08/2020 18:56,R_1rMNgu89NXMu1LL,,anonymous,EN-GB,Chrome,81.0.4044.138,Android 10,393x851,I consent to take part in the project on the basis set out above (Section A),English,Male,30,"I am in a quiet place without distractions, and I am either on a PC or laptop or on a mobile device that I am holding in landscape mode. I can use both hands to respond.,I do not have any more questions about the experiment.",5f10f17a01b48a42592fd0ec,5f31291acb8aea5c9dee6dcf
10/08/2020 19:01,10/08/2020 19:02,IP Address,100,80,TRUE,10/08/2020 19:02,R_3fUesgUxF1EszWJ,,anonymous,EN-GB,Chrome,84.0.4147.105,Macintosh,1280x800,I consent to take part in the project on the basis set out above (Section A),English,Female,31,"I am in a quiet place without distractions, and I am either on a PC or laptop or on a mobile device that I am holding in landscape mode. I can use both hands to respond.,I do not have any more questions about the experiment.",5d544ce3be713b0001841f1e,5f31291acb8aea5c9dee6dcf
10/08/2020 18:54,10/08/2020 19:03,IP Address,100,569,TRUE,10/08/2020 19:03,R_1qUrGI5sjP24SCK,,anonymous,EN-GB,Chrome,84.0.4147.111,Android 6.0.1,360x640,I consent to take part in the project on the basis set out above (Section A),English,Male,40,"I am in a quiet place without distractions, and I am either on a PC or laptop or on a mobile device that I am holding in landscape mode. I can use both hands to respond.,I do not have any more questions about the experiment.",5edac97f977d9018109447a4,5f31291acb8aea5c9dee6dcf
10/08/2020 19:05,10/08/2020 19:07,IP Address,100,120,TRUE,10/08/2020 19:07,R_BMaFAVHRVa2MgBr,,anonymous,EN-GB,Chrome,84.0.4147.105,Windows NT 6.3,1366x768,I consent to take part in the project on the basis set out above (Section A),English,Female,26,"I am in a quiet place without distractions, and I am either on a PC or laptop or on a mobile device that I am holding in landscape mode. I can use both hands to respond.,I do not have any more questions about the experiment.",5ec799f7dab5741eaea37681,5f31291acb8aea5c9dee6dcf
10/08/2020 19:15,10/08/2020 19:18,IP Address,100,223,TRUE,10/08/2020 19:18,R_2949lnCQMsfOoe7,,anonymous,EN-GB,Chrome,84.0.4147.105,Windows NT 10.0,1366x768,I consent to take part in the project on the basis set out above (Section A),English,Female,30,"I am in a quiet place without distractions, and I am either on a PC or laptop or on a mobile device that I am holding in landscape mode. I can use both hands to respond.,I do not have any more questions about the experiment.",5efc7246abf5130132092e31,5f31291acb8aea5c9dee6dcf
10/08/2020 19:28,10/08/2020 19:29,IP Address,100,49,TRUE,10/08/2020 19:29,R_2wLgcQFyBMqkHCE,,anonymous,EN-GB,Chrome,84.0.4147.105,Windows NT 6.1,1366x768,I consent to take part in the project on the basis set out above (Section A),English,Male,27,"I am in a quiet place without distractions, and I am either on a PC or laptop or on a mobile device that I am holding in landscape mode. I can use both hands to respond.,I do not have any more questions about the experiment.",5da8768c2a921500145c6a0d,5f31291acb8aea5c9dee6dcf
